[
    {
        "tipo": "ClientePersona",
        "nombre": "Lorenzo Lopez",
        "email": "llopez@gmail.com",
        "password": "$2b$12$aPo3K7ML11uB.X9y./sZDO3hUJi4HH5IgN0V.qcQOY.w8TOTHlF8y",
        "direccion": "Dirección 123",
        "telefono": "099.111.222",
        "dni": "123456789"
    },
    {
        "tipo": "ClientePersona",
        "nombre": "Ana González",
        "email": "agonzalez@gmail.com",
        "password": "$2b$12$aPo3K7ML11uB.X9y./sZDO3hUJi4HH5IgN0V.qcQOY.w8TOTHlF8y",
        "direccion": "Calle Falsa 123",
        "telefono": "098.111.222",
        "dni": "234567891"
    },
    {
        "tipo": "ClientePersona",
        "nombre": "Carlos Pérez",
        "email": "cperez@gmail.com",
        "password": "$2b$12$aPo3K7ML11uB.X9y./sZDO3hUJi4HH5IgN0V.qcQOY.w8TOTHlF8y",
        "direccion": "Av. Siempre Viva 742",
        "telefono": "097.111.222",
        "dni": "345678912"
    },
    {
        "tipo": "ClientePersona",
        "nombre": "Beatriz Diaz",
        "email": "bdiaz@gmail.com",
        "password": "$2b$12$aPo3K7ML11uB.X9y./sZDO3hUJi4HH5IgN0V.qcQOY.w8TOTHlF8y",
        "direccion": "Calle Luna 123",
        "telefono": "096.111.222",
        "dni": "456789123"
    },
    {
        "tipo": "ClientePersona",
        "nombre": "Daniela Ruiz",
        "email": "druiz@gmail.com",
        "password": "$2b$12$aPo3K7ML11uB.X9y./sZDO3hUJi4HH5IgN0V.qcQOY.w8TOTHlF8y",
        "direccion": "Calle Sol 123",
        "telefono": "095.111.222",
        "dni": "567891234"
    },
    {
        "tipo": "ClientePersona",
        "nombre": "Pedro Fernández",
        "email": "pfernandez@gmail.com",
        "password": "$2b$12$aPo3K7ML11uB.X9y./sZDO3hUJi4HH5IgN0V.qcQOY.w8TOTHlF8y",
        "direccion": "Calle Estrella 123",
        "telefono": "094.111.222",
        "dni": "678912345"
    },
    {
        "tipo": "ClientePersona",
        "nombre": "Gonzalo Sanchez",
        "email": "gsanchez@gmail.com",
        "password": "$2b$12$aPo3K7ML11uB.X9y./sZDO3hUJi4HH5IgN0V.qcQOY.w8TOTHlF8y",
        "direccion": "Dirección 4444",
        "telefono": "099888999",
        "dni": "7894561"
    },
    {
        "tipo": "ClientePersona",
        "nombre": "Lorenzo Dumas",
        "email": "ldumas@gmail.com",
        "password": "$2b$12$aPo3K7ML11uB.X9y./sZDO3hUJi4HH5IgN0V.qcQOY.w8TOTHlF8y",
        "direccion": "Dirección 1111",
        "telefono": "099111111",
        "dni": "7538690"
    },
    {
        "tipo": "ClientePersona",
        "nombre": "Ginette Laglere",
        "email": "glaglere@gmail.com",
        "password": "$2b$12$aPo3K7ML11uB.X9y./sZDO3hUJi4HH5IgN0V.qcQOY.w8TOTHlF8y",
        "direccion": "Dirección 1234",
        "telefono": "099450450",
        "dni": "125"
    },
    {
        "tipo": "ClientePersona",
        "nombre": "Laura Perez",
        "email": "lperez@hotmail.com",
        "password": "$2b$12$aPo3K7ML11uB.X9y./sZDO3hUJi4HH5IgN0V.qcQOY.w8TOTHlF8y",
        "direccion": "Dirección 123456",
        "telefono": "59822082815",
        "dni": "215511000015"
    },
    {
        "tipo": "ClientePersona",
        "nombre": "Gladys",
        "email": "gdiaz@gmail.com",
        "password": "$2b$12$aPo3K7ML11uB.X9y./sZDO3hUJi4HH5IgN0V.qcQOY.w8TOTHlF8y",
        "direccion": "Dirección 2222",
        "telefono": "293474729",
        "dni": "0293481023948"
    },
    {
        "tipo": "ClientePersona",
        "nombre": "Pedrito Lopez",
        "email": "plopez@yahoo.com",
        "password": "$2b$12$aPo3K7ML11uB.X9y./sZDO3hUJi4HH5IgN0V.qcQOY.w8TOTHlF8y",
        "direccion": "Dirección 229900",
        "telefono": "098788536",
        "dni": "7856644"
    },
    {
        "tipo": "ClientePersona",
        "nombre": "Leonardo Gomez",
        "email": "gomez@yahoo.com",
        "password": "$2b$12$aPo3K7ML11uB.X9y./sZDO3hUJi4HH5IgN0V.qcQOY.w8TOTHlF8y",
        "direccion": "Dirección 0000",
        "telefono": "159236987",
        "dni": "698753254"
    },
    {
        "tipo": "ClientePersona",
        "nombre": "Lorenzo",
        "email": "lolo@mail.com",
        "password": "$2b$12$aPo3K7ML11uB.X9y./sZDO3hUJi4HH5IgN0V.qcQOY.w8TOTHlF8y",
        "direccion": "Dirección 7788",
        "telefono": "099888777",
        "dni": "4568973"
    },
    {
        "tipo": "ClientePersona",
        "nombre": "Piero Puzzetti",
        "email": "piero@gmail.com",
        "password": "$2b$12$aPo3K7ML11uB.X9y./sZDO3hUJi4HH5IgN0V.qcQOY.w8TOTHlF8y",
        "direccion": "Dirección 98098098",
        "telefono": "6354132131",
        "dni": "31364851"
    },
    {
        "tipo": "ClientePersona",
        "nombre": "Lucia Iguria",
        "email": "liguria@gmail.com",
        "password": "$2b$12$aPo3K7ML11uB.X9y./sZDO3hUJi4HH5IgN0V.qcQOY.w8TOTHlF8y",
        "direccion": "Dirección 2222",
        "telefono": "099999999",
        "dni": "555888999"
    },
    {
        "tipo": "ClientePersona",
        "nombre": "Gonzalo Lorenzo Finisterre",
        "email": "golfin@gmail.com",
        "password": "$2b$12$aPo3K7ML11uB.X9y./sZDO3hUJi4HH5IgN0V.qcQOY.w8TOTHlF8y",
        "direccion": "Dirección 1111",
        "telefono": "099888999",
        "dni": "456852698"
    },
    {
        "tipo": "ClientePersona",
        "nombre": "Ginette Laglere",
        "email": "glaglerex@fibertel.com.ar",
        "password": "$2b$12$r1yCg303LbPonTKSz2400O73ZIkUsPzdGxzNg4qC8j7Bk1x2AeCPu",
        "direccion": "Dirección 1234",
        "telefono": "099444555",
        "dni": "658931000"
    },
    {
        "tipo": "ClientePersona",
        "nombre": "Gonzalo Polticor",
        "email": "polti@mail.com",
        "password": "$2b$12$aPo3K7ML11uB.X9y./sZDO3hUJi4HH5IgN0V.qcQOY.w8TOTHlF8y",
        "direccion": "dirección 1223",
        "telefono": "45898985",
        "dni": "0000000"
    },
    {
        "tipo": "ClientePersona",
        "nombre": "Prueba Lopez",
        "email": "pruebita@mail.com",
        "password": "$2b$12$wI4vmx6/4Xty9pPnRvt.IeBwyggU5PUhXUjA33JUMUmD3XaSojxvC",
        "direccion": "Dirección 12334",
        "telefono": "64165465465",
        "dni": "8884443333"
    },
    {
        "tipo": "ClientePersona",
        "nombre": "Gonzalo Polticor",
        "email": "gonza@mail.com",
        "password": "$2b$12$aPo3K7ML11uB.X9y./sZDO3hUJi4HH5IgN0V.qcQOY.w8TOTHlF8y",
        "direccion": "Dirección 1234",
        "telefono": "099888888",
        "dni": "555555555"
    },
    {
        "tipo": "ClientePersona",
        "nombre": "Gonzalo Lopez",
        "email": "gonzal@mail.com",
        "password": "$2b$12$aPo3K7ML11uB.X9y./sZDO3hUJi4HH5IgN0V.qcQOY.w8TOTHlF8y",
        "direccion": "4234234",
        "telefono": "543413546354",
        "dni": "85268974312"
    },
    {
        "tipo": "ClientePersona",
        "nombre": "Pitufo Lombardo",
        "email": "pitufo@mail.com",
        "password": "$2b$12$IJYsGj9De6gC8RpVlou1WuRPv3Ys8QEfFXLZB.rSQwVrQXcFx1r.C",
        "direccion": "Dirección 1234",
        "telefono": "7777777",
        "dni": "888555222333"
    },
    {
        "tipo": "ClientePersona",
        "nombre": "Pitufo Lopez",
        "email": "pitufo@inbox.com",
        "password": "$2b$12$aPo3K7ML11uB.X9y./sZDO3hUJi4HH5IgN0V.qcQOY.w8TOTHlF8y",
        "direccion": "dirección 1111",
        "telefono": "099888444",
        "dni": "4446663"
    },
    {
        "tipo": "ClientePersona",
        "nombre": "Ginette Laglere",
        "email": "glaglere@inbox.com",
        "password": "$2b$12$aPo3K7ML11uB.X9y./sZDO3hUJi4HH5IgN0V.qcQOY.w8TOTHlF8y",
        "direccion": "Dirección 1111",
        "telefono": "099450450",
        "dni": "31364852"
    },
    {
        "tipo": "ClientePersona",
        "nombre": "Nombre Persona",
        "email": "persona@mail.com",
        "password": "$2b$12$mrvXLC2VtIK1LioymlB8P.TqjlIWkj7v2Wn3wAfypY2.TDH0wmzHW",
        "direccion": "Dirección 1111",
        "telefono": "099444444",
        "dni": "31364853"
    },
    {
        "tipo": "ClientePersona",
        "nombre": "Lionel Messi",
        "email": "lmessi@mail.com",
        "password": "$2b$12$8ZkJczQbIM2D/1.y3TqjzuOy6.ZxqVb.cVHaYZT98/50xlGwZNLPW",
        "direccion": "Dirección 1111",
        "telefono": "023456789",
        "dni": "31364854"
    },
    {
        "tipo": "ClienteCorporativo",
        "nombre": "Corp Tech",
        "email": "corptech@gmail.com",
        "password": "$2b$12$aPo3K7ML11uB.X9y./sZDO3hUJi4HH5IgN0V.qcQOY.w8TOTHlF8y",
        "direccion": "Av. Tecnológica 123",
        "telefono": "099.999.999",
        "cuit": "12345678901"
    },
    {
        "tipo": "ClienteCorporativo",
        "nombre": "Global Solutions",
        "email": "globalsolutions@gmail.com",
        "password": "$2b$12$aPo3K7ML11uB.X9y./sZDO3hUJi4HH5IgN0V.qcQOY.w8TOTHlF8y",
        "direccion": "Av. Soluciones 123",
        "telefono": "098.999.999",
        "cuit": "23456789012"
    },
    {
        "tipo": "ClienteCorporativo",
        "nombre": "Innovative Ideas",
        "email": "innovativeideas@gmail.com",
        "password": "$2b$12$aPo3K7ML11uB.X9y./sZDO3hUJi4HH5IgN0V.qcQOY.w8TOTHlF8y",
        "direccion": "Av. Innovación 123",
        "telefono": "097.999.999",
        "cuit": "34567890123"
    },
    {
        "tipo": "ClienteCorporativo",
        "nombre": "Tech Innovators",
        "email": "techinnovators@gmail.com",
        "password": "$2b$12$aPo3K7ML11uB.X9y./sZDO3hUJi4HH5IgN0V.qcQOY.w8TOTHlF8y",
        "direccion": "Av. Tecnologías 123",
        "telefono": "096.999.999",
        "cuit": "45678901234"
    },
    {
        "tipo": "ClienteCorporativo",
        "nombre": "Future Enterprises",
        "email": "futureenterprises@gmail.com",
        "password": "$2b$12$aPo3K7ML11uB.X9y./sZDO3hUJi4HH5IgN0V.qcQOY.w8TOTHlF8y",
        "direccion": "Av. Futuro 123",
        "telefono": "095.999.999",
        "cuit": "56789012345"
    },
    {
        "tipo": "ClienteCorporativo",
        "nombre": "Altius Corporation",
        "email": "altiuscorp@mail.com",
        "password": "$2b$12$aPo3K7ML11uB.X9y./sZDO3hUJi4HH5IgN0V.qcQOY.w8TOTHlF8y",
        "direccion": "Dirección 333333",
        "telefono": "6354365434",
        "cuit": "664643213413"
    },
    {
        "tipo": "ClienteCorporativo",
        "nombre": "Pipeta Ltda",
        "email": "pipeta@mail.com",
        "password": "$2b$12$6DPqWxwX9rBmlMWG9q4Xq.k/caHnWUGmuV2J5NP4ae5hZGNc./Nc6",
        "direccion": "Dirección 293478",
        "telefono": "463541300",
        "cuit": "65046540"
    },
    {
        "tipo": "ClienteCorporativo",
        "nombre": "Pipetaso SA",
        "email": "pipetaso@mail.com",
        "password": "$2b$12$aPo3K7ML11uB.X9y./sZDO3hUJi4HH5IgN0V.qcQOY.w8TOTHlF8y",
        "direccion": "Dirección askdlfjasljdf",
        "telefono": "65465406465",
        "cuit": "650465406666"
    },
    {
        "tipo": "ClienteCorporativo",
        "nombre": "Corporativo Nuevo",
        "email": "corp@mail.com",
        "password": "$2b$12$uwZzj0lZEX/0mfJB6kJtK.NuZD5V1Kv.1gDkiICeaDxLHr6ovCh06",
        "direccion": "Dirección ",
        "telefono": "7777777",
        "cuit": "65046540666666"
    },
    {
        "tipo": "ClienteCorporativo",
        "nombre": "Corpofix SA",
        "email": "corpofix@inbox.com",
        "password": "$2b$12$O1Hn2uyYNRnf94AolgUd1e6/BjYeZYBex0mQehoUrPSh1nZyKgDYa",
        "direccion": "Dirección 1234",
        "telefono": "099444555",
        "cuit": "5555"
    },
    {
        "tipo": "ClienteCorporativo",
        "nombre": "Surco SA",
        "email": "surco@surco.com",
        "password": "$2b$12$hzNjM/8Me5KZINQlRo.29O4H4pYHaxyRkTK/fDWGqFG1CU2yHyqGC",
        "direccion": "Dirección 222",
        "telefono": "099888999",
        "cuit": "5678901234522"
    },
    {
        "tipo": "ClienteCorporativo",
        "nombre": "Menecucho SA",
        "email": "menecucho@mail.com",
        "password": "$2b$12$6cyCz.UZM85R/6WtRRuFJ.bonu9wSHdWLMK1uro1/RSO7Ij.ana0y",
        "direccion": "Dirección 1111",
        "telefono": "000555999",
        "cuit": "58920876"
    },
    {
        "tipo": "Administrador",
        "nombre": "Admin User",
        "email": "admin@example.com",
        "password": "$2b$12$aPo3K7ML11uB.X9y./sZDO3hUJi4HH5IgN0V.qcQOY.w8TOTHlF8y",
        "codigo_funcionario": "001"
    },
    {
        "tipo": "Administrador",
        "nombre": "Super Admin",
        "email": "superadmin@example.com",
        "password": "$2b$12$aPo3K7ML11uB.X9y./sZDO3hUJi4HH5IgN0V.qcQOY.w8TOTHlF8y",
        "codigo_funcionario": "002"
    },
    {
        "tipo": "Administrador",
        "nombre": "Manager Admin",
        "email": "manageradmin@example.com",
        "password": "$2b$12$aPo3K7ML11uB.X9y./sZDO3hUJi4HH5IgN0V.qcQOY.w8TOTHlF8y",
        "codigo_funcionario": "003"
    },
    {
        "tipo": "Administrador",
        "nombre": "Administrator Pro",
        "email": "admin@admin.com",
        "password": "$2b$12$aPo3K7ML11uB.X9y./sZDO3hUJi4HH5IgN0V.qcQOY.w8TOTHlF8y",
        "codigo_funcionario": "789"
    },
    {
        "tipo": "Administrador",
        "nombre": "Administro Ing",
        "email": "administro@mail.com",
        "password": "$2b$12$j9khB830XjeyA25Vv1K3aO9v.EMsHwDC/Xn7ciR/PQFJVhkEwhosa",
        "codigo_funcionario": "000"
    },
    {
        "tipo": "Administrador",
        "nombre": "Administra",
        "email": "administra@mail.com",
        "password": "$2b$12$ggpBlJn14STSi6g3UUCineC1UY6f8NYKjpP7YBh87hfxpDHSD9IFi",
        "codigo_funcionario": "00"
    }
]